{
    "templates": [
        {
            "name": "NearYou",
            "dir_name": "nearyou",
            "module": false,
            "import_file": null
        },
        {
            "name": "ReCaptcha",
            "dir_name": "captcha",
            "module": false,
            "import_file": null
        },
        {
            "name": "Google Drive",
            "dir_name": "gdrive",
            "module": true,
            "import_file": "mod_gdrive"
        },
        {
            "name": "WhatsApp",
            "dir_name": "whatsapp",
            "module": true,
            "import_file": "mod_whatsapp"
        },
        {
            "name": "WhatsApp Redirect",
            "dir_name": "whatsapp_redirect",
            "module": true,
            "import_file": "mod_whatsapp_redirect"
        },
        {
            "name": "Telegram",
            "dir_name": "telegram",
            "module": true,
            "import_file": "mod_telegram"
        },
        {
<<<<<<< HEAD
            "name": "Snapchat",
            "dir_name": "snap",
            "module": true,
            "import_file": "mod_snap"
=======
            "name": "Zoom",
            "dir_name": "zoom",
            "module": false,
            "import_file": null
>>>>>>> b0479fe702d20b686d030c72ea781ce2c81c2449
        }
    ]
}
